author_id,title,content,publication_date,url,category_id,sourse_id,sourse_type
Redacci√≥n UH,Renuncia rector de la UCA,"La tarde de este viernes 8 de diciembre, se dio a conocer sobre la renuncia del Padre Andreu Oliva a la rector√≠a de la Universidad Centroamericana Jos√© Sime√≥n Ca√±as (UCA), esto por aparentes razones personales. ¬´Nos comunicamos con ustedes para informarles que el padre Andreu Oliva, S.J., present√≥ el pasado 1 de diciembre a la Junta de Directores la petici√≥n de ser relevado en el cargo de rector por motivos personales¬ª, detalla un correo que fue develado a trav√©s de redes sociales. Tras 13 a√±os como rector, Oliva deja su cargo y con el una carrera que estuvo llena de pol√©micas por su clara afinidad a los partidos de oposici√≥n en el pa√≠s, a los cuales respaldaba en decisiones como abolir el R√©gimen de Excepci√≥n que tanta paz y desarrollo ha tra√≠do al pueblo salvadore√±o. #√öLTIMAHORA | El Padre Andreu Oliva renuncia a la rector√≠a de la UCA por supuestos motivos personales. pic.twitter.com/F9ZLDHyvdr‚Äî √öltima Hora (@ultimahsv) 9 de diciembre de 2023 ",2023-12-08 19:13:00,https://ultimahora.sv/renuncia-rector-de-la-uca/,Clase pol√≠ticaLo √∫ltimo,√öltima Hora SV,Web Page
Redacci√≥n UH,Garantizan calidad de vida de sonsonatecos con proyectos de desarrollo,"Los habitantes de Sonsonate ahora pueden disfrutar de una ciudad totalmente diferente, gracias al trabajo de la alcald√≠a municipal que ha llevado nuevos servicios y obras a trav√©s de diversos proyectos de desarrollo y dignificaci√≥n para la poblaci√≥n. Entre los servicios implementados por la comuna para mejorar la calidad de vida de los sonsonatecos se encuentran las nuevas cl√≠nicas m√≥viles, la inauguraci√≥n de la Casa de la Mujer, fumigaci√≥n de viviendas, instalaci√≥n de nueva planta potabilizadora para asegurar el suministro de agua potable a las familias, entre otros. Asimismo, han realizado diversas obras de infraestructura vial y arquitect√≥nica, entre las que destacan: reconstrucci√≥n de diversos parques en la ciudad, modernizaci√≥n de la S√©ptima Av. Sur y el pasaje Tranv√≠a, la renovaci√≥n de la Casa Comunal de la colonia Sensunep√°n, el Palacio Cultural y el Estadio Ana Mercedes Campos, adem√°s de la iluminaci√≥n de √°reas que por a√±os estuvieron olvidadas. M√ÅS Y M√ÅS OBRAS.Nuevos servicios que garantizan derechos humanos b√°sicos, Realizaciones que los sonsonatecos esperaron por d√©cadas.Nunca antes se hizo tanto por el pueblo. pic.twitter.com/9PXMBwf85x‚Äî Rafael Ar√©valo (@RafaelArevaloES) 8 de diciembre de 2023 ",2023-12-08 18:51:00,https://ultimahora.sv/garantizan-calidad-de-vida-de-sonsonatecos-con-proyectos-de-desarrollo/,NacionalesportadaPortada,√öltima Hora SV,Web Page
Redacci√≥n UH,Contin√∫an trabajos de renovaci√≥n en espacios p√∫blicos del pa√≠s,"El Gobierno, en beneficio de los salvadore√±os, contin√∫a ejecutando proyectos que generan desarrollo econ√≥mico y social. Una de las principales apuestas est√° enfocada hac√≠a el turismo, a trav√©s de obras de intervenci√≥n y renovaci√≥n de los espacios p√∫blicos del pa√≠s.  Uno de los espacios mejorados es la Puerta del Diablo, ubicado en Panchimalco, en el departamento de San Salvador. El Ministerio de Obras P√∫blicas (MOP) particip√≥ en el proyecto interviniendo las calles de los alrededores de este destino tur√≠stico y en el reordenamiento del comercio informal. Tambi√©n, en la estabilizaci√≥n de taludes. Asimismo, la instituci√≥n ha trabajado en la transformaci√≥n del Centro Hist√≥rico de San Salvador. Equipos del MOP han construido una plaza frente a la iglesia El Calvario y se han sembrado √°rboles en el lugar. Asimismo, se ha trabajado en los alrededores de la plaza Libertad, proporcionando los colores originales a las edificaciones del lugar. Estas renovaciones forman parte de la apuesta por generar espacios p√∫blicos de primer nivel y as√≠ fomentar el turismo y dinamizar la econom√≠a a nivel nacional.  ‚ÄúA trav√©s de la elaboraci√≥n de calas, en el Centro Hist√≥rico de San Salvador , el Ministerio de @culturasv determin√≥ el color de varias edificaciones‚Äù, Ministro @RomeoHerrera1. pic.twitter.com/bfct9l2yd0‚Äî Ministerio de Obras P√∫blicas (@ObrasPublicasSV) 8 de diciembre de 2023 ",2023-12-08 11:35:00,https://ultimahora.sv/continuan-trabajos-de-renovacion-en-espacios-publicos-del-pais/,Nacionalesportada,√öltima Hora SV,Web Page
Redacci√≥n UH,Salvadore√±os revelan que ‚Äúnunca votar√≠an‚Äù por ARENA y el FMLN,"En la m√°s reciente encuesta del Instituto Universitario de Opini√≥n P√∫blica (Iudop) de la Universidad Centroamericana Jos√© Sime√≥n Ca√±as (UCA), salvadore√±os revelaron que nunca volver√≠an a votar por ARENA y el FMLN.  De acuerdo con la pregunta: ¬´¬øPor cu√°l partido nunca votar√≠a en las pr√≥ximas elecciones?¬ª, el FMLN obtuvo un 39.9 % de las respuestas, sin embargo, el partido de izquierda fue mencionado en otras respuestas por lo que su porcentaje se eleva a 40.1 %. Por otro lado, el 23.6 % de los encuestados afirm√≥ que jam√°s votar√≠an por ARENA, aunque el porcentaje de rechazo se eleva al 28.8 %.  Asimismo, cabe destacar que dentro de esta misma encuesta, la intenci√≥n de voto para ARENA y el FMLN fue de apenas 1.5 % y 2.6 %, respectivamente. Mientras tanto, la f√≥rmula de Nuevas Ideas, Nayib Bukele y F√©lix Ulloa, obtuvo un 61.7 % de apoyo para los pr√≥ximos comicios en 2024.  Fuente: Encuesta de la UCA ",2023-12-08 08:08:00,https://ultimahora.sv/salvadorenos-revelan-que-nunca-votarian-por-arena-y-el-fmln/,Clase pol√≠ticaLo √∫ltimo,√öltima Hora SV,Web Page
Redacci√≥n UH,"Alexia Rivas: ‚ÄúEstas fiestas de fin de a√±o, estar√°n llenas de tranquilidad y paz‚Äù","Durante la Plenaria 135, los diputados de la Asamblea Legislativa prorrogaron nuevamente el R√©gimen de Excepci√≥n, que ha permitido salvaguardar la vida de miles de salvadore√±os y que ha llevado paz y seguridad a la comunidades que estuvieron por d√©cadas bajo el dominio de las pandillas. En su intervenci√≥n, la diputada de Nuevas Ideas, Alexia Rivas, record√≥ como eran las portadas de los peri√≥dicos del pa√≠s tras las festividades de Noche buena y Navidad hace unos a√±os, aclarando que est√°s mencionaban solo muerte y dolor para las familias que en lugar de pasar un momento ameno enlutaban.  ‚ÄúLas festividad de Navidad y A√±o Nuevo estuvieron marcadas por la violencia social; as√≠ era a√±o tras a√±o, la normalidad era que en diciembre los √≠ndices de homicidios, de extorsiones y de robos aumentaran‚Äù, dijo Rivas.  Sin embargo la legisladora resalt√≥ que: ‚ÄúLa tendencia comenz√≥ a disminuir tras el inicio de la administraci√≥n del presidente Nayib Bukele cuando diciembre de 2019 cerr√≥ con 128 v√≠ctimas, diciembre de 2020 cerr√≥ con 112 v√≠ctimas, diciembre de 2021 cerr√≥ con 95 v√≠ctimas y en diciembre de 2022 cerramos con 14 homicidios, siendo el mes con menos homicidios durante el a√±o pasado‚Äù. En este sentido, declar√≥ que: ‚ÄúLos salvadore√±os pueden estar seguros que estas fiestas fin de a√±o, estar√°n llenas de tranquilidad y paz, prueba de ello es que m√°s 100,000 personas han visitado la BINAES; Miss Universo, se convirti√≥ en ese escenario en el que El Salvador pudo demostrarle al mundo la paz y la seguridad con la que ahora contamos, la gente siente que ha recuperado sus parques, sus plazas p√∫blicas, sus calles y sus familias‚Äù. He dado mi voto en 22 ocasiones por el r√©gimen de excepci√≥n, y lo har√© las veces que sean necesarias.El Milagro Salvadore√±o est√° ocurriendo üôÇüá∏üáªüíô pic.twitter.com/he4bqwPN7P‚Äî Alexia Rivasüá∏üáª (@AlexiaRivasG1) December 7, 2023 ",2023-12-07 15:52:00,https://ultimahora.sv/alexia-rivas-estas-fiestas-de-fin-de-ano-estaran-llenas-de-tranquilidad-y-paz/,Clase pol√≠tica,√öltima Hora SV,Web Page
Redacci√≥n UH,El Salvador espera visita de 1.3 millones de turistas por temporada navide√±a,"Las festividades de Navidad y Fin de A√±o est√°n m√°s cerca que nunca, seg√∫n proyecciones de Migraci√≥n, El Salvador espera la llegada de un mill√≥n 300 mil turistas, atra√≠dos por el clima de seguridad que experimenta el pa√≠s.  ¬´Esperamos que m√°s de un mill√≥n 300 mil personas nos visiten en esta temporada de Navidad y fin de a√±o¬ª, expres√≥ esta ma√±ana, el director de Migraci√≥n, Ricardo Cucal√≥n, durante una entrevista.  El funcionario afirm√≥ que ya est√°n listos para atender a las personas que lleguen por el Aeropuerto Internacional de El Salvador y las distintas fronteras con m√°s de 450 oficiales de migraci√≥n que facilitar√°n el acceso al pa√≠s.   #Di√°logo21 | ‚ÄúEsperamos que m√°s de un mill√≥n 300 mil personas nos visiten en esta temporada de Navidad y fin de a√±o‚Äù: @RCucalon_, director general de @migracion_sv. pic.twitter.com/OZdo3vnR3R‚Äî Di√°logo (@dialogo21) 7 de diciembre de 2023 ",2023-12-07 11:21:00,https://ultimahora.sv/el-salvador-espera-visita-de-1-3-millones-de-turistas-por-temporada-navidena/,Lo √öltimoportada,√öltima Hora SV,Web Page
Redacci√≥n UH,"El Salvador y Honduras bajo estados de excepci√≥n, pero con resultados distintos","El Salvador se encuentra en estado de excepci√≥n desde el 27 de marzo de 2022 a la fecha, dando como resultado la desarticulaci√≥n de los remanentes de pandillas que a√∫n operaban en el pa√≠s, con ello, se ha logrado una disminuci√≥n hist√≥rica de homicidios y otros delitos como la extorsi√≥n que tanto aquejaba a la poblaci√≥n.  Entre tanto, Honduras tambi√©n decret√≥ un estado de excepci√≥n, sin embargo, los informes indican que los resultados son ¬´desiguales¬ª y la violencia en contra de la poblaci√≥n civil no ha disminuido, por lo que la medida ha fracasado en el intento.  Contrario a lo que sucede en El Salvador, los homicidios y la extorsi√≥n se han propagado en territorio hondure√±o, como medida de presi√≥n del Barrio 18 y de la Mara Salvatrucha (MS), operando, mayormente en las zonas rurales de Honduras.  Nota de referencia:/https://insightcrime.org/es/noticias/honduras-el-salvador-dos-estados-excepcion-resultados-diferentes/ ",2023-12-07 08:44:00,https://ultimahora.sv/el-salvador-y-honduras-bajo-estados-de-excepcion-pero-con-resultados-distintos/,Lo √öltimo,√öltima Hora SV,Web Page
Redacci√≥n UH,Entregan renovado estacionamiento en Hospital Zacamil,"El Gobierno de El Salvador ha finalizado con los trabajos de recuperaci√≥n y modernizaci√≥n del estacionamiento del Hospital Nacional Zacamil, a trav√©s de la Direcci√≥n de Obras Municipales (DOM). ¬´Entregamos un estacionamiento completamente renovado en el hospital Zacamil, que dignificar√° las condiciones de los trabajadores de la salud que a diario tienen la oportunidad de servirle al pueblo salvadore√±o¬ª, expuso la DOM en X.  Ahora, este nosocomio ya cuenta con un total de 201 nuevos espacios de estacionamiento que durante a√±os tuvo dificultad para el parqueo, pero ahora se tiene un lugar seguro con un moderno sistema de descarga controlada de aguas lluvias.   Hoy entregamos un estacionamiento completamente renovado en el hospital Zacamil, que dignificar√° las condiciones de los trabajadores de la salud que a diario tienen la oportunidad de servirle al pueblo salvadore√±o.üá∏üáªüòâ pic.twitter.com/PtLX9Cp35U‚Äî Direcci√≥n de Obras Municipales (@ObraMunicipal) 7 de diciembre de 2023 ",2023-12-07 07:54:00,https://ultimahora.sv/entregan-renovado-estacionamiento-en-hospital-zacamil/,Lo √öltimoportada,√öltima Hora SV,Web Page
Redacci√≥n UH,Encuesta confirma que Nuevas Ideas seguir√° como primera fuerza pol√≠tica en Asamblea,"El m√°s reciente estudio de opini√≥n p√∫blica realizado por el Instituto Universitario de Opini√≥n P√∫blica (Iudop) de la Universidad Centroamericana Jos√© Sime√≥n Ca√±as (UCA) confirm√≥ que Nuevas Ideas seguir√° como primera fuerza pol√≠tica en la Asamblea Legislativa.  Seg√∫n el estudio, el partido oficialista se agenciar√° el 81.2 % de los votos en las pr√≥ximas elecciones de 2024, cabe recalcar que la encuesta no tom√≥ en cuenta a la di√°spora, por lo que los votos podr√≠an ser m√°s a favor de Nuevas Ideas. Entre tanto, los partidos tradicionales FMLN (5.5 %) y ARENA (3.9 %) ser√≠an pr√°cticamente desplazados del Congreso, Gana obtendr√≠a 3.3 %, Vamos 2 % y Nuestro Tiempo 1.5 %.   #TemaDePa√≠sES @nuevasideas con 81.2 % de preferencia para la elecci√≥n legislativaSeguir√≠a como la primera fuerza pol√≠tica, seg√∫n la encuesta del @IudopUCA, la cual arroja resultados desfavorables para la oposici√≥n en las #EleccionesElSalvador2024 ‚û° https://t.co/VWVR6Cqt6l pic.twitter.com/eYXZ6ovTfL‚Äî Diario El Salvador (@elsalvador) 7 de diciembre de 2023 ",2023-12-07 07:29:00,https://ultimahora.sv/encuesta-confirma-que-nuevas-ideas-seguira-como-primera-fuerza-politica-en-asamblea/,Clase pol√≠ticaLo √öltimo,√öltima Hora SV,Web Page
Redacci√≥n UH,Subsecretaria de la ONU destaca liderazgo y compromiso de la Primera Dama con la Primera Infancia,"En la Conferencia de las Partes de la Convenci√≥n Marco de las Naciones Unidas sobre Cambio Clim√°tico (COP28), la Subsecretaria de Naciones Unidas (ONU) y Coordinadora del Movimiento para el Fomento de la Nutrici√≥n (Scaling Up Nutrition [SUN]), Afshan Khan, destac√≥ el liderazgo de la Primera Dama Gabriela de Bukele, al guiar iniciativas en torno a la nutrici√≥n y su compromiso con la Primera Infancia y la lactancia materna. En dicho evento particip√≥ la jefa de Salud del Despacho de la Primera Dama, Elisa Gamero, quien promulga una agenda y resoluciones que prioricen las acciones del cambio clim√°tico vinculadas a nutrici√≥n, sistemas alimentarios y Primera Infancia.  A trav√©s del Despacho de la Primera Dama, El Salvador desarrolla la implementaci√≥n de pol√≠ticas de nutrici√≥n, vinculadas a iniciativas de seguridad alimentaria y transformaci√≥n de los sistemas alimentarios, a fin de contribuir en el desarrollo de las personas y en la protecci√≥n de la naturaleza ante los impactos del cambio clim√°tico y otros aspectos coyunturales.  Consolidando un marco pol√≠tico y normativo que establece las bases para mejorar el estado nutricional con √©nfasis en la Primera Infancia, a trav√©s de las leyes: Crecer Juntos, Nacer con Cari√±o y Amor Convertido en Alimento. ",2023-12-06 21:50:00,https://ultimahora.sv/subsecretaria-de-la-onu-destaca-liderazgo-y-compromiso-de-la-primera-dama-con-la-primera-infancia/,NacionalesportadaPortada,√öltima Hora SV,Web Page
Redacci√≥n UH,M√°s de 350 mil familias fueron v√≠ctimas de ARGOZ,"Tras el allanamiento en la Corporaci√≥n ARGOZ S.A. de C.V. por estafar a salvadore√±os durante m√°s de 20 a√±os con la venta de terrenos ilegales, la ministra de Vivienda, Michelle Sol, inform√≥ que fueron m√°s de 350 mil familias las que se vieron afectadas al ser v√≠ctimas de esta compa√±√≠a. ¬´Argoz era una estructura mafiosa, con una forma de operar dise√±ada en complicidad, incluso del Estado, pol√≠ticos corruptos, funcionarios corruptos y una ausencia total de justicia para m√°s de 350,000 familias¬ª, detall√≥ Sol a trav√©s de su cuenta de Twitter. Estas familias tendr√°n justicia gracias al trabajo articulado de las entidades de Gobierno, el cual inici√≥ tras la indicaci√≥n del Presidente Nayib Bukele a la ministra de hacer lo necesario para garantizar justicia a las v√≠ctimas. A trav√©s de esta articulaci√≥n, aprobaron las reformas al c√≥digo penal, en las que se inclu√≠a un nuevo delito, en el que se establecen condenas de 8 a 12 a√±os de c√°rcel para aquellas personas que vendan lotes sin regularizaci√≥n. https://twitter.com/misol140/status/1732438975392989619?t=w625YytK3JostlVPUXQ-_Q&s=19 ",2023-12-06 21:12:00,https://ultimahora.sv/mas-de-350-mil-familias-fueron-victimas-de-argoz/,NacionalesportadaPortada,√öltima Hora SV,Web Page
Redacci√≥n UH,Efect√∫an allanamiento de la Corporaci√≥n ARGOZ,"La Corporaci√≥n ARGOZ fue allanada el pasado martes 5 de diciembre, en un operativo coordinado entre la Fiscal√≠a General de la Rep√∫blica (FGR) y el Ministerio de Vivienda, como parte de las diligencias para recabar pruebas en contra de esta empresa que se dedicaba a vender lotificaciones de forma ilegal. Hasta la fecha, las investigaciones han determinado que se contabilizan denuncias por 116 lotificaciones realizadas por ARGOZ que presentan irregularidades, las cuales fueron utilizadas ilegalmente para estafar a sus v√≠ctimas con ayuda de sociedades vinculadas a la empresa. Sumado a esto, al mismo tiempo de los allanamientos, se llev√≥ a cabo la captura de Leticia Farf√°n de G√≥mez y Rodrigo Javier G√≥mez Farf√°n, quienes son los due√±os de dicha empresa, a quienes se les imputar√°n 49 cargos relacionados a los delitos de estafa, comercializaci√≥n irregular de inmuebles y agrupaciones il√≠citas. Durante el operativo las autoridades incautaron en las ostentosas viviendas de los imputados, un total de $37,919.73 d√≥lares en efectivo, adem√°s de cinco veh√≠culos de lujo.  #√öltimaHora I El allanamiento a la Corporaci√≥n ARGOZ S.A de C.V. ha dejado como resultado las capturas de Leticia Farf√°n y Rodrigo Javier G√≥mez Farf√°n, l√≠deres de esta estafa realizada a muchas familias salvadore√±as.Los imputados viv√≠an en lujosas residencias en zonas exclusiva‚Ä¶ pic.twitter.com/ANBqP4wAAq‚Äî Fiscal√≠a General de la Rep√∫blica El Salvador (@FGR_SV) 6 de diciembre de 2023 ",2023-12-06 18:13:00,https://ultimahora.sv/efectuan-allanamiento-de-la-corporacion-argoz/,NacionalesportadaPortada,√öltima Hora SV,Web Page
Redacci√≥n UH,Encuesta UCA: Nuevas Ideas obtiene el mayor porcentaje de intenci√≥n de voto,"El Instituto Universitario de Opini√≥n P√∫blica (Iudop) de la Universidad Centroamericana Jos√© Sime√≥n Ca√±as (UCA) public√≥ este d√≠a los resultados de su m√°s reciente encuesta pol√≠tica, revelando que el partido Nuevas Ideas obtuvo el mayor porcentaje de intenci√≥n de voto por parte de los salvadore√±os para las elecciones 2024.  Para las elecciones presidenciales, el 61.7 % de los encuestados respondi√≥ que votar√≠a por la f√≥rmula del partido cyan: Nayib Bukele y F√©lix Ulloa. Por otro lado, para los comicios de diputados, Nuevas Ideas obtuvo el 81.2 % de intenci√≥n de voto.  Cabe destacar que estos porcentajes son extremadamente altos al compararlos con los dem√°s partidos. En la pregunta ¬´¬øPor cu√°l partido pol√≠tico votar√≠a para la elecci√≥n de presidente?¬ª, las otras instituciones pol√≠ticas obtuvieron los siguientes resultados:  FMLN, 2.6 %ARENA, 1.5 %GANA, 0.9 %Vamos, 0.7 %Nuestro Tiempo, 0.3 %FPS, 0.2 %PCN, 0.1 %PAIS, 0.1 %  #ClasePol√≠tica | El 61.7 % de la poblaci√≥n votar√≠a por @nayibbukele para presidente, mientras que los candidatos de oposici√≥n no alcanzan ni un 3 %. pic.twitter.com/JeEQpJ0FiQ‚Äî √öltima Hora (@ultimahsv) 6 de diciembre de 2023 ",2023-12-06 10:40:00,https://ultimahora.sv/encuesta-uca-nuevas-ideas-obtiene-el-mayor-porcentaje-de-intencion-de-voto/,Clase pol√≠ticaLo √∫ltimo,√öltima Hora SV,Web Page
Redacci√≥n UH,Bonos de El Salvador incrementan su valor tras mejora en calificaci√≥n crediticia,"Los bonos salvadore√±os registraron un incremento en su valor de cotizaci√≥n de hasta un 2 % en el mercado internacional, despu√©s de que la agencia S&P Global Ratings mejorara la calificaci√≥n soberana de El Salvador subiendo la nota de ‚ÄòCCC+‚Äô a ‚ÄòB-‚Äô. La nueva calificaci√≥n crediticia de El Salvador, signific√≥ que agencias especializadas en finanzas como Bloomberg catalogaran a la naci√≥n entre los mejores mercados emergentes. Tras dos operaciones de recompra que llevaron al cumplimiento de las obligaciones soberanas, el mercado internacional volvi√≥ sus ojos a El Salvador debido a la mejora en la perspectiva de la econom√≠a. En este sentido, seg√∫n la Bolsa de Valores de El Salvador (BVES) el precio de los t√≠tulos con vencimiento en 2025 aument√≥ un 1.9 %, mostrando una recuperaci√≥n del 48 %; en el caso de los t√≠tulos con vencimiento en 2027, registran un alza de un 1.2 %, que significar√≠a una recuperaci√≥n del 93 %; por otra parte,  los bonos de 2023, mostraron un crecimiento del 1.9 %, con una recuperaci√≥n que equivale al 89 %. https://forbescentroamerica.com/2023/12/05/calificacion-de-sp-empuja-los-bonos-salvadorenos-a-su-mejor-precio-en-2023 ",2023-12-06 08:58:00,https://ultimahora.sv/bonos-de-el-salvador-incrementan-su-valor-tras-mejora-en-calificacion-crediticia/,Econom√≠aNacionalesportadaPortada,√öltima Hora SV,Web Page
Redacci√≥n UH,UCA intent√≥ influenciar los resultados de su √∫ltima encuesta,"Medios nacionales reportan que la Universidad Centroamericana Jos√© Sime√≥n Ca√±as (UCA), a trav√©s de su Instituto Universitario de Opini√≥n P√∫blica (Iudop), intent√≥ influenciar las respuestas de los salvadore√±os durante su √∫ltima encuesta, relacionada al tema de la reelecci√≥n presidencial.  Seg√∫n una fuente del centro de estudios superiores, a los encuestados se les pas√≥ el siguiente folleto, antes de realizarles el cuestionario:  Los resultados de esta encuesta, ‚ÄúLa poblaci√≥n salvadore√±a opina sobre el proceso electoral de 2024‚Äù, se dar√°n a conocer este d√≠a a las 9:00 p.m. ",2023-12-06 07:57:00,https://ultimahora.sv/uca-intento-influenciar-los-resultados-de-su-ultima-encuesta/,Clase pol√≠ticaLo √∫ltimo,√öltima Hora SV,Web Page
Redacci√≥n UH,"BINAES destaca como una de las bibliotecas m√°s completas en Centroam√©rica, seg√∫n Forbes","Desde su inauguraci√≥n hace tres semanas, la Biblioteca Nacional de El Salvador (BINAES) se ha convertido en un referente a nivel regional, por tener una infraestructura moderno y ser una de las m√°s completas, as√≠ lo destac√≥ la revista Forbes Centroam√©rica. ¬´Con una inversi√≥n de 50 millones de d√≥lares donada por China, la Biblioteca Nacional de El Salvador (BINAES), inaugurada el pasado 14 de noviembre, es una de las m√°s modernas y completas de la regi√≥n centroamericana, adem√°s resalta como un hito para el pueblo salvadore√±o¬ª, resalt√≥ el reconocido medio de comunicaci√≥n. Adem√°s, la revista expuso que la BINAES es la primera biblioteca nacional del mundo en brindar sus servicios las 24 horas del d√≠a, los 7 d√≠as a la semana, asimismo, detall√≥ que cuenta con un espacio de 24,000 metros cuadrados, y siete niveles totalmente equipados y adecuados a las necesidades de los usuarios. https://twitter.com/Forbes_CA/status/1731010346280706290?t=qqRqgjOjDG_W59fwDSO7wQ&s=19 ",2023-12-05 17:38:00,https://ultimahora.sv/binaes-destaca-como-una-de-las-bibliotecas-mas-completas-en-centroamerica-segun-forbes/,NacionalesportadaPortada,√öltima Hora SV,Web Page
Redacci√≥n UH,Candidato del FMLN: la canasta b√°sica de los salvadore√±os lleva whisky,"El candidato presidencial del FMLN, Manuel ¬´El Chino¬ª Flores dijo hoy, durante una entrevista televisiva, que el whisky es tambi√©n parte de la canasta b√°sica salvadore√±a, por lo que debe tomarse en cuenta en los gastos. ¬´Nosotros debemos hacer siempre un an√°lisis serio, verdad, porque t√∫ sabes que la canasta b√°sica no solo son 4, son incluso, sabes que hasta en la canasta b√°sica est√° el whisky por ejemplo, ah√≠ est√° en la canasta b√°sica el whisky y otros temas de consumo¬ª, asegur√≥ el candidato. Flores hizo esas declaraciones con el objetivo de ganar simpat√≠a con los salvadore√±os, sin embargo, el efecto fue adverso y se agenci√≥ burlas y cr√≠ticas ya que su planteamiento no est√° basado en la realidad salvadore√±a.  #ClasePol√≠tica | El ""Chino"" Flores asegur√≥ que el whisky es parte de la canasta b√°sica de El Salvador.Video: @AnonimoSV503. pic.twitter.com/UHPiqmPkiS‚Äî √öltima Hora (@ultimahsv) 5 de diciembre de 2023 ",2023-12-05 14:29:00,https://ultimahora.sv/candidato-del-fmln-la-canasta-basica-de-los-salvadorenos-lleva-whisky/,ClasePol√≠ticaLo √öltimo,√öltima Hora SV,Web Page
Redacci√≥n UH,¬´Chino¬ª Flores: El Whisky es parte de la canasta b√°sica salvadore√±a,"El candidato presidencial del FMLN, Manuel ¬´El Chino¬ª Flores afirm√≥ este martes, en una entrevista de un canal local, que el whisky es parte de la canasta b√°sica de El Salvador. ¬´Nosotros debemos hacer siempre un an√°lisis serio, verdad porque t√∫ sabes que la canasta b√°sica no solo son 4, son incluso, sabes que hasta en la canasta b√°sica est√° el whisky por ejemplo, ah√≠ est√° en la canasta b√°sica el whisky y otros temas de consumo¬ª, afirm√≥ el candidato.  Las palabras de Flores surgen en su af√°n de ganar adeptos de cara a las elecciones de 2024, en las que el FMLN, pr√°cticamente desaparec√≠a del mapa pol√≠tico, seg√∫n  la m√°s reciente encuesta de CID-Gallup, no obtendr√≠an m√°s del 2 % de votos.   #ClasePol√≠tica | El ""Chino"" Flores asegur√≥ que el whisky es parte de la canasta b√°sica de El Salvador.Video: @AnonimoSV503. pic.twitter.com/UHPiqmPkiS‚Äî √öltima Hora (@ultimahsv) 5 de diciembre de 2023 ",2023-12-05 11:30:00,https://ultimahora.sv/chino-flores-el-whisky-es-parte-de-la-canasta-basica-salvadorena/,Clase pol√≠ticaLo √öltimo,√öltima Hora SV,Web Page
Redacci√≥n UH,"El Salvador, pa√≠s con mejor desempe√±o de turismo en Las Am√©ricas","El Salvador es el pa√≠s del continente americano con el mejor desempe√±o de turismo en el periodo de enero a septiembre de 2023, seg√∫n un informe de la Organizaci√≥n Mundial del Turismo  de las Naciones Unidas (UNWTO, por sus siglas en ingl√©s).  ¬´Las acciones que han resultado en que El Salvador sea el pa√≠s con mejor desempe√±o en turismo en Las Am√©ricas. Este es tambi√©n el resultado del modelo de seguridad de nuestro Presidente; al d√≠a de hoy, acumulamos 501 d√≠as sin homicidios¬ª, expres√≥ la embajadora de El Salvador, en Estados Unidos, Milena Mayorga.  El Salvador experimenta un incremento de turismo como nunca antes, gracias a la seguridad que se vive, solo v√≠a a√©rea, el incremento de vuelos es de 20 % previo a la temporada navide√±a, a la fecha ya se registran m√°s de 37,000.  President @nayibbukele had the vision to appoint an incredible woman as Minister of Tourism @MorenaValdezSV, she coordinates with the entire government cabinet the actions that have resulted in El Salvador being the best performing country in Tourism in The Americas This is‚Ä¶ pic.twitter.com/IpqmTILe2q‚Äî Milena Mayorga (@MilenaMayorga) 5 de diciembre de 2023 ",2023-12-05 10:26:00,https://ultimahora.sv/el-salvador-pais-con-mejor-desempeno-de-turismo-en-las-americas/,Lo √öltimoportada,√öltima Hora SV,Web Page
Redacci√≥n UH,Soyapango cumple un a√±o sin operatividad de pandillas,"Un a√±o se ha cumplido, desde el que el pasado 3 de diciembre de 2022, el Gobierno del Presidente de la Rep√∫blica, Nayib Bukele, ordenara instalar un cerco de seguridad en el municipio de Soyapango, para desarticular los remanentes de pandillas, que operaban de manera sigilosa debido a que ya se ejecutaba el Plan Control Territorial.  ¬´A partir de este momento, el municipio de Soyapango est√° totalmente cercado. 8, 500 soldados y 1500 agentes han rodeado la ciudad, mientras los equipos de extracci√≥n de la Polic√≠a y el Ej√©rcito se encargan de sacar uno a uno todos los pandilleros que se encuentran ah√≠¬ª, expres√≥ en ese entonces, el Presidente Bukele.  Gracias a esa decisi√≥n, la realidad actual de Soyapango ha cambiado como nunca antes, los lugare√±os sin testigos de ambiente de seguridad que ahora se percibe, dejando en el pasado que los barrios y colonias representaban un riesgo para la vida de los j√≥venes, hoy en d√≠a, pueden circular por donde quiera en completa libertad.   Esta es la portada de #DiarioElSalvador de este lunes, 4 de diciembre de 2023. #DiarioESConoce el otro lado de la historia: https://t.co/z5QRyFs3oQ pic.twitter.com/lfdVjkEV5U‚Äî Diario El Salvador (@elsalvador) 4 de diciembre de 2023 ",2023-12-05 08:49:00,https://ultimahora.sv/soyapango-cumple-un-ano-sin-operatividad-de-pandillas/,Lo √öltimoSeguridad ciudadana,√öltima Hora SV,Web Page
